{
  "name": "edbenton-edbentonResourceDefaults",
  "version": "0.1.0",
  "author": "Ed Benton",
  "summary": "",
  "license": "Apache-2.0",
  "source": "",
  "dependencies": [

  ],
  "operatingsystem_support": [
    {
      "operatingsystem": "CentOS",
      "operatingsystemrelease": [
        "7"
      ]
    },
    {
      "operatingsystem": "OracleLinux",
      "operatingsystemrelease": [
        "7"
      ]
    },
    {
      "operatingsystem": "RedHat",
      "operatingsystemrelease": [
        "8"
      ]
    },
    {
      "operatingsystem": "Scientific",
      "operatingsystemrelease": [
        "7"
      ]
    },
    {
      "operatingsystem": "Debian",
      "operatingsystemrelease": [
        "10"
      ]
    },
    {
      "operatingsystem": "Ubuntu",
      "operatingsystemrelease": [
        "18.04"
      ]
    },
    {
      "operatingsystem": "Fedora",
      "operatingsystemrelease": [
        "29"
      ]
    },
    {
      "operatingsystem": "AIX",
      "operatingsystemrelease": [
        "6.1",
        "7.1",
        "7.2"
      ]
    }
  ],
  "requirements": [
    {
      "name": "puppet",
      "version_requirement": ">= 7.24 < 9.0.0"
    }
  ],
  "pdk-version": "3.0.1",
  "template-url": "pdk-default#3.0.1",
  "template-ref": "tags/3.0.1-0-gd13288a"
}
